commodity,unit,observations,unique_dates,canonical_key
काउली स्थानिय,केजी,4555,4555,काउलीस्थानिय
अदुवा,केजी,4551,4551,अदुवा
खु्र्सानी सुकेको,केजी,4550,4550,खु्र्सानीसुकेको
तामा,केजी,4545,4545,तामा
बन्दा(लोकल),केजी,4543,4543,बन्दालोकल
रायो साग,केजी,4543,4543,रायोसाग
घिउ सिमी(लोकल),केजी,4542,4542,घिउसिमीलोकल
हरियो धनिया,केजी,4542,4542,हरियोधनिया
गाजर(लोकल),केजी,4538,4538,गाजरलोकल
प्याज हरियो,केजी,4536,4536,प्याजहरियो
भन्टा लाम्चो,केजी,4531,4531,भन्टालाम्चो
च्याउ(कन्य),केजी,4527,4527,च्याउकन्य
कागती,केजी,4524,4524,कागती
लसुन सुकेको चाइनिज,केजी,4522,4522,लसुनसुकेकोचाइनिज
भेडे खु्र्सानी,केजी,4519,4519,भेडेखु्र्सानी
इमली,केजी,4518,4518,इमली
प्याज सुकेको (भारतीय),केजी,4517,4517,प्याजसुकेकोभारतीय
फर्सी पाकेको,केजी,4516,4516,फर्सीपाकेको
तोफु,केजी,4502,4502,तोफु
लौका,केजी,4498,4498,लौका
काक्रो(लोकल),केजी,4484,4484,काक्रोलोकल
तितो करेला,केजी,4467,4467,तितोकरेला
भिण्डी,केजी,4460,4460,भिण्डी
गोलभेडा सानो(लोकल),केजी,4445,4445,गोलभेडासानोलोकल
लसुन हरियो,केजी,4441,4441,लसुनहरियो
अनार,केजी,4430,4430,अनार
केरा,दर्जन,4421,4421,केरा
आलु रातो,केजी,4418,4418,आलुरातो
खु्र्सानी हरियो,केजी,4415,4415,खु्र्सानीहरियो
चुकुन्दर,केजी,4414,4414,चुकुन्दर
तरबुजा(हरियो),केजी,4376,4376,तरबुजाहरियो
भुई कटहर,प्रति गोटा,4355,4355,भुईकटहर
जिरीको साग,केजी,4332,4332,जिरीकोसाग
तोरीको साग,केजी,4281,4281,तोरीकोसाग
पुदीना,केजी,4263,4263,पुदीना
लसुन सुकेको नेपाली,केजी,4257,4257,लसुनसुकेकोनेपाली
पालूगो साग,केजी,4253,4253,पालूगोसाग
गान्टे मूला,केजी,4197,4197,गान्टेमूला
सेलरी,केजी,4188,4188,सेलरी
मूला सेतो(लोकल),केजी,4185,4185,मूलासेतोलोकल
मौसम,केजी,4119,4119,मौसम
गुन्दुक,केजी,4092,4092,गुन्दुक
स्कूस,केजी,3887,3887,स्कूस
पार्सले,केजी,3879,3879,पार्सले
चमसूरको साग,केजी,3867,3867,चमसूरकोसाग
भन्टा डल्लो,केजी,3754,3754,भन्टाडल्लो
गोलभेडा ठूलो(नेपाली),केजी,3740,3740,गोलभेडाठूलोनेपाली
बोडी(तने),केजी,3701,3701,बोडीतने
ब्रोकाउली,केजी,3689,3689,ब्रोकाउली
सौफको साग,केजी,3651,3651,सौफकोसाग
स्याउ(झोले),केजी,3602,3602,स्याउझोले
पिंडालू,केजी,3571,3571,पिंडालू
फर्सी हरियो(लाम्चो),केजी,3558,3558,फर्सीहरियोलाम्चो
परवर(लोकल),केजी,3555,3555,परवरलोकल
मेवा(नेपाली),केजी,3468,3468,मेवानेपाली
आलु सेतो,केजी,3464,3464,आलुसेतो
मेथीको साग,केजी,3399,3399,मेथीकोसाग
रातो बन्दा,केजी,3265,3265,रातोबन्दा
घिरौला,केजी,3252,3252,घिरौला
छ्यापी सुकेको,केजी,3177,3177,छ्यापीसुकेको
मटरकोशा,केजी,2917,2917,मटरकोशा
टाटे सिमी,केजी,2889,2889,टाटेसिमी
लप्सी,केजी,2842,2842,लप्सी
रुख कटहर,केजी,2811,2811,रुखकटहर
कुरीलो,केजी,2607,2607,कुरीलो
छ्यापी हरियो,केजी,2600,2600,छ्यापीहरियो
च्याउ(डल्ले),केजी,2589,2589,च्याउडल्ले
सेतो मूला(हाइब्रीड),केजी,2570,2570,सेतोमूलाहाइब्रीड
हरियो फर्सी(डल्लो),केजी,2562,2562,हरियोफर्सीडल्लो
काक्रो(हाइब्रीड),केजी,2557,2557,काक्रोहाइब्रीड
घिउ सिमी(हाइब्रीड),केजी,2554,2554,घिउसिमीहाइब्रीड
मेवा(भारतीय),केजी,2542,2542,मेवाभारतीय
ताजा माछा(बचुवा),केजी,2537,2537,ताजामाछाबचुवा
ताजा माछा(रहु),केजी,2535,2535,ताजामाछारहु
ताजा माछा(छडी),केजी,2534,2534,ताजामाछाछडी
न्यूरो,केजी,2457,2457,न्यूरो
खुर्सानी हरियो(बुलेट),केजी,2428,2428,खुर्सानीहरियोबुलेट
बरेला,केजी,2422,2422,बरेला
आलु रातो(भारतीय),केजी,2376,2376,आलुरातोभारतीय
ग्याठ कोबी,केजी,2348,2348,ग्याठकोबी
मूला रातो,केजी,2331,2331,मूलारातो
चिचिण्डो,केजी,2306,2306,चिचिण्डो
स्याउ(फूजी),केजी,2290,2290,स्याउफूजी
खुर्सानी हरियो(माछे),केजी,2232,2232,खुर्सानीहरियोमाछे
अंगुर(हरियो),केजी,2213,2213,अंगुरहरियो
गोलभेडा सानो(टनेल),केजी,2207,2207,गोलभेडासानोटनेल
खुर्सानी हरियो(अकबरे),केजी,2164,2164,खुर्सानीहरियोअकबरे
गोलभेडा ठूलो(भारतीय),केजी,2164,2164,गोलभेडाठूलोभारतीय
नासपाती(लोकल),केजी,2135,2135,नासपातीलोकल
सुन्तला(नेपाली),केजी,2080,2080,सुन्तलानेपाली
सखरखण्ड,केजी,2058,2058,सखरखण्ड
नासपाती(चाइनिज),केजी,2046,2046,नासपातीचाइनिज
भटमासकोशा,केजी,2044,2044,भटमासकोशा
बकूला,केजी,1981,1981,बकूला
माछा ताजा,केजी,1939,1939,माछाताजा
तरुल,केजी,1905,1905,तरुल
ताजा माछा(मुंगरी),केजी,1799,1799,ताजामाछामुंगरी
किवि,केजी,1794,1794,किवि
मकै बोडी,केजी,1696,1696,मकैबोडी
परवर(तराई),केजी,1688,1688,परवरतराई
झिगूनी,केजी,1686,1686,झिगूनी
घिउ सिमी(राजमा),केजी,1675,1675,घिउसिमीराजमा
गाजर(तराई),केजी,1615,1615,गाजरतराई
जुनार,केजी,1575,1575,जुनार
आभोकाडो,केजी,1554,1554,आभोकाडो
निबुवा,केजी,1524,1524,निबुवा
सलगम,केजी,1503,1503,सलगम
स्थानीय काउली(ज्यापु),केजी,1471,1471,स्थानीयकाउलीज्यापु
सजिवन,केजी,1470,1470,सजिवन
अम्बा,केजी,1438,1438,अम्बा
काउली तराई,केजी,1372,1372,काउलीतराई
आँप(मालदह),केजी,1351,1351,आँपमालदह
अंगुर(कालो),केजी,1318,1318,अंगुरकालो
गोलभेडा सानो(भारतीय),केजी,1301,1301,गोलभेडासानोभारतीय
सुन्तला(भारतीय),केजी,1206,1206,सुन्तलाभारतीय
आलु रातो(मुडे),केजी,1155,1155,आलुरातोमुडे
गोलभेडा सानो(तराई),केजी,1153,1153,गोलभेडासानोतराई
अमला,केजी,1150,1150,अमला
स्ट्रबेरी भुईऐसेलु,केजी,1025,1025,स्ट्रबेरीभुईऐसेलु
बन्दा(नरिवल),केजी,894,894,बन्दानरिवल
बन्दा(तराई),केजी,880,880,बन्दातराई
राजा च्याउ,केजी,810,810,राजाच्याउ
किनु,केजी,794,794,किनु
रुख टमाटर,केजी,703,703,रुखटमाटर
सिताके च्याउ,केजी,653,653,सिताकेच्याउ
उखु,प्रति वटा,644,644,उखु
आँप(दसहरी),केजी,570,570,आँपदसहरी
शरीफा,के‍.जी,559,559,शरीफा
कोइरालो,केजी,552,552,कोइरालो
लीच्ची(लोकल),केजी,451,451,लीच्चीलोकल
माछा सुकेको,केजी,344,344,माछासुकेको
काक्रो(लोकलक्रस),केजी,228,228,काक्रोलोकलक्रस
लीच्ची(भारतीय),केजी,226,226,लीच्चीभारतीय
आँप(चोसा),केजी,183,183,आँपचोसा
आँप(कलकत्ते),केजी,180,180,आँपकलकत्ते
सुकेको प्याज (चाइनिज),केजी,144,144,सुकेकोप्याजचाइनिज
आलु रातो(लाम्चो),केजी,120,120,आलुरातोलाम्चो
रातो आलु(गोलो),केजी,120,120,रातोआलुगोलो
केरा(नेपाली),दर्जन,119,119,केरानेपाली
खुर्सानी हरियो(लाम्चो),केजी,119,119,खुर्सानीहरियोलाम्चो
केरा(मालभोग),दर्जन,118,118,केरामालभोग
नरिवल(हरियो),केजी,110,110,नरिवलहरियो
नरिवल(काँचो),केजी,106,106,नरिवलकाँचो
तरबुजा(पाटे),केजी,56,56,तरबुजापाटे
ड्रागन फ्रुट(नेपाली),केजी,55,55,ड्रागनफ्रुटनेपाली
खरबुजा,केजी,34,34,खरबुजा
चाक्सी,केजी,30,30,चाक्सी
स्याउ(मुस्ताङ्ग),केजी,25,25,स्याउमुस्ताङ्ग
स्याउ(जुम्ला),केजी,23,23,स्याउजुम्ला
मकै(हरियो),केजी,7,7,मकैहरियो
हरियो मकै,प्रति वटा,2,2,हरियोमकै
केरा(भारतीय),दर्जन,1,1,केराभारतीय
केरा(हरियो),दर्जन,1,1,केराहरियो
