commodity,unit,latest_date,latest_bs_date,latest_avg_price,rolling_mean_7,rolling_median_7,next_day_forecast,forecast_delta_vs_latest,history_points,latest_history_confidence_band,latest_history_confidence_rank,latest_is_default_model_window,abs_forecast_delta
रायो साग,केजी,2026-10-05 07:04:20.562478,"असोज १९, २०८३",175.0,133.57,110.0,110.0,-65.0,4546,current_live,4,True,65.0
हरियो धनिया,केजी,2026-10-05 07:04:20.562478,"असोज १९, २०८३",200.0,173.69,145.0,145.0,-55.0,4545,current_live,4,True,55.0
पालूगो साग,केजी,2026-10-05 07:04:20.562478,"असोज १९, २०८३",175.0,140.71,125.0,125.0,-50.0,4256,current_live,4,True,50.0
सौफको साग,केजी,2026-10-05 07:04:20.562478,"असोज १९, २०८३",175.0,135.0,125.0,125.0,-50.0,3654,current_live,4,True,50.0
स्याउ(मुस्ताङ्ग),केजी,2026-10-05 07:04:20.562478,"असोज १९, २०८३",225.0,169.29,175.0,175.0,-50.0,28,current_live,4,True,50.0
बरेला,केजी,2026-10-05 07:04:20.562478,"असोज १९, २०८३",112.5,90.0,65.0,65.0,-47.5,2425,current_live,4,True,47.5
तितो करेला,केजी,2026-10-05 07:04:20.562478,"असोज १९, २०८३",130.0,105.71,95.0,95.0,-35.0,4470,current_live,4,True,35.0
च्याउ(कन्य),केजी,2026-10-05 07:04:20.562478,"असोज १९, २०८३",257.5,233.33,225.0,225.0,-32.5,4530,current_live,4,True,32.5
आभोकाडो,केजी,2026-10-05 07:04:20.562478,"असोज १९, २०८३",275.0,300.0,300.0,300.0,25.0,1557,current_live,4,True,25.0
तोरीको साग,केजी,2026-10-05 07:04:20.562478,"असोज १९, २०८३",90.0,80.71,65.0,65.0,-25.0,4284,current_live,4,True,25.0
सुन्तला(भारतीय),केजी,2026-10-05 07:04:20.562478,"असोज १९, २०८३",175.0,160.71,150.0,150.0,-25.0,1209,current_live,4,True,25.0
बोडी(तने),केजी,2026-10-05 07:04:20.562478,"असोज १९, २०८३",133.33,115.48,112.5,112.5,-20.83,3704,current_live,4,True,20.83
टाटे सिमी,केजी,2026-10-05 07:04:20.562478,"असोज १९, २०८३",95.0,80.71,75.0,75.0,-20.0,2892,current_live,4,True,20.0
मकै बोडी,केजी,2026-10-05 07:04:20.562478,"असोज १९, २०८३",113.33,97.62,95.0,95.0,-18.33,1699,current_live,4,True,18.33
मेवा(भारतीय),केजी,2026-10-05 07:04:20.562478,"असोज १९, २०८३",95.0,103.57,110.0,110.0,15.0,2545,current_live,4,True,15.0
भटमासकोशा,केजी,2026-10-05 07:04:20.562478,"असोज १९, २०८३",120.0,152.5,132.5,132.5,12.5,2047,current_live,4,True,12.5
काउली स्थानिय,केजी,2026-10-05 07:04:20.562478,"असोज १९, २०८३",120.0,109.12,110.0,110.0,-10.0,4558,current_live,4,True,10.0
खुर्सानी हरियो(अकबरे),केजी,2026-10-05 07:04:20.562478,"असोज १९, २०८३",95.0,120.89,105.0,105.0,10.0,2167,current_live,4,True,10.0
गाजर(तराई),केजी,2026-10-05 07:04:20.562478,"असोज १९, २०८३",85.0,90.71,95.0,95.0,10.0,1618,current_live,4,True,10.0
गोलभेडा ठूलो(नेपाली),केजी,2026-10-05 07:04:20.562478,"असोज १९, २०८३",65.0,78.57,75.0,75.0,10.0,3743,current_live,4,True,10.0
झिगूनी,केजी,2026-10-05 07:04:20.562478,"असोज १९, २०८३",75.0,69.29,65.0,65.0,-10.0,1689,current_live,4,True,10.0
भन्टा डल्लो,केजी,2026-10-05 07:04:20.562478,"असोज १९, २०८३",75.0,70.71,65.0,65.0,-10.0,3757,current_live,4,True,10.0
भिण्डी,केजी,2026-10-05 07:04:20.562478,"असोज १९, २०८३",85.0,90.71,95.0,95.0,10.0,4463,current_live,4,True,10.0
मेवा(नेपाली),केजी,2026-10-05 07:04:20.562478,"असोज १९, २०८३",55.0,64.29,65.0,65.0,10.0,3471,current_live,4,True,10.0
लौका,केजी,2026-10-05 07:04:20.562478,"असोज १९, २०८३",95.0,85.89,85.0,85.0,-10.0,4501,current_live,4,True,10.0
खुर्सानी हरियो(बुलेट),केजी,2026-10-05 07:04:20.562478,"असोज १९, २०८३",118.33,118.99,108.75,108.75,-9.58,2431,current_live,4,True,9.58
खुर्सानी हरियो(लाम्चो),केजी,2026-10-05 07:04:20.562478,"असोज १९, २०८३",118.33,118.99,108.75,108.75,-9.58,122,current_live,4,True,9.58
राजा च्याउ,केजी,2026-10-05 07:04:20.562478,"असोज १९, २०८३",320.0,314.64,313.33,313.33,-6.67,813,current_live,4,True,6.67
लसुन सुकेको चाइनिज,केजी,2026-10-05 07:04:20.562478,"असोज १९, २०८३",245.0,239.64,238.33,238.33,-6.67,4525,current_live,4,True,6.67
गोलभेडा सानो(टनेल),केजी,2026-10-05 07:04:20.562478,"असोज १९, २०८३",66.86,73.44,73.14,73.14,6.28,2210,current_live,4,True,6.28
गोलभेडा सानो(भारतीय),केजी,2026-10-05 07:04:20.562478,"असोज १९, २०८३",55.0,63.21,61.25,61.25,6.25,1304,current_live,4,True,6.25
खु्र्सानी सुकेको,केजी,2026-10-05 07:04:20.562478,"असोज १९, २०८३",530.0,524.64,525.0,525.0,-5.0,4553,current_live,4,True,5.0
गोलभेडा सानो(लोकल),केजी,2026-10-05 07:04:20.562478,"असोज १९, २०८३",50.0,55.63,55.0,55.0,5.0,4448,current_live,4,True,5.0
बन्दा(लोकल),केजी,2026-10-05 07:04:20.562478,"असोज १९, २०८३",50.0,55.71,55.0,55.0,5.0,4546,current_live,4,True,5.0
भेडे खु्र्सानी,केजी,2026-10-05 07:04:20.562478,"असोज १९, २०८३",95.0,92.86,90.0,90.0,-5.0,4522,current_live,4,True,5.0
काक्रो(लोकलक्रस),केजी,2026-10-05 07:04:20.562478,"असोज १९, २०८३",66.67,66.49,71.25,71.25,4.58,231,current_live,4,True,4.58
काक्रो(लोकल),केजी,2026-10-05 07:04:20.562478,"असोज १९, २०८३",70.0,65.06,66.25,66.25,-3.75,4487,current_live,4,True,3.75
स्कूस,केजी,2026-10-05 07:04:20.562478,"असोज १९, २०८३",25.0,21.79,21.25,21.25,-3.75,3890,current_live,4,True,3.75
अदुवा,केजी,2026-10-05 07:04:20.562478,"असोज १९, २०८३",216.67,213.57,213.33,213.33,-3.34,4554,current_live,4,True,3.34
लसुन सुकेको नेपाली,केजी,2026-10-05 07:04:20.562478,"असोज १९, २०८३",220.0,216.07,216.67,216.67,-3.33,4260,current_live,4,True,3.33
घिउ सिमी(लोकल),केजी,2026-10-05 07:04:20.562478,"असोज १९, २०८३",95.71,89.15,93.33,93.33,-2.38,4545,current_live,4,True,2.38
घिउ सिमी(हाइब्रीड),केजी,2026-10-05 07:04:20.562478,"असोज १९, २०८३",95.71,89.51,93.33,93.33,-2.38,2557,current_live,4,True,2.38
प्याज सुकेको (भारतीय),केजी,2026-10-05 07:04:20.562478,"असोज १९, २०८३",87.5,90.67,89.67,89.67,2.17,4520,current_live,4,True,2.17
रातो आलु(गोलो),केजी,2026-10-05 07:04:20.562478,"असोज १९, २०८३",52.25,51.73,51.83,51.83,-0.42,123,current_live,4,True,0.42
आलु रातो(भारतीय),केजी,2026-10-05 07:04:20.562478,"असोज १९, २०८३",51.33,51.31,51.5,51.5,0.17,2379,current_live,4,True,0.17
आलु रातो(मुडे),केजी,2026-10-05 07:04:20.562478,"असोज १९, २०८३",52.33,51.83,52.17,52.17,-0.16,1158,current_live,4,True,0.16
अनार,केजी,2026-10-05 07:04:20.562478,"असोज १९, २०८३",325.0,325.0,325.0,325.0,0.0,4433,current_live,4,True,0.0
अमला,केजी,2026-10-05 07:04:20.562478,"असोज १९, २०८३",90.0,90.0,90.0,90.0,0.0,1153,current_live,4,True,0.0
अम्बा,केजी,2026-10-05 07:04:20.562478,"असोज १९, २०८३",175.0,175.0,175.0,175.0,0.0,1441,current_live,4,True,0.0
आलु रातो(लाम्चो),केजी,2026-10-05 07:04:20.562478,"असोज १९, २०८३",57.17,57.22,57.17,57.17,0.0,123,current_live,4,True,0.0
इमली,केजी,2026-10-05 07:04:20.562478,"असोज १९, २०८३",170.0,170.48,170.0,170.0,0.0,4521,current_live,4,True,0.0
काक्रो(हाइब्रीड),केजी,2026-10-05 07:04:20.562478,"असोज १९, २०८३",18.33,23.21,18.33,18.33,0.0,2560,current_live,4,True,0.0
कागती,केजी,2026-10-05 07:04:20.562478,"असोज १९, २०८३",250.0,250.0,250.0,250.0,0.0,4527,current_live,4,True,0.0
किवि,केजी,2026-10-05 07:04:20.562478,"असोज १९, २०८३",375.0,375.0,375.0,375.0,0.0,1797,current_live,4,True,0.0
कुरीलो,केजी,2026-10-05 07:04:20.562478,"असोज १९, २०८३",750.0,664.29,750.0,750.0,0.0,2610,current_live,4,True,0.0
केरा(नेपाली),दर्जन,2026-10-05 07:04:20.562478,"असोज १९, २०८३",175.0,175.0,175.0,175.0,0.0,122,current_live,4,True,0.0
केरा(मालभोग),दर्जन,2026-10-05 07:04:20.562478,"असोज १९, २०८३",125.0,125.0,125.0,125.0,0.0,121,current_live,4,True,0.0
खुर्सानी हरियो(माछे),केजी,2026-10-05 07:04:20.562478,"असोज १९, २०८३",95.0,91.96,95.0,95.0,0.0,2235,current_live,4,True,0.0
गाजर(लोकल),केजी,2026-10-05 07:04:20.562478,"असोज १९, २०८३",120.0,123.93,120.0,120.0,0.0,4541,current_live,4,True,0.0
गान्टे मूला,केजी,2026-10-05 07:04:20.562478,"असोज १९, २०८३",125.0,127.86,125.0,125.0,0.0,4200,current_live,4,True,0.0
गुन्दुक,केजी,2026-10-05 07:04:20.562478,"असोज १९, २०८३",325.0,325.0,325.0,325.0,0.0,4095,current_live,4,True,0.0
गोलभेडा ठूलो(भारतीय),केजी,2026-10-05 07:04:20.562478,"असोज १९, २०८३",75.0,82.86,75.0,75.0,0.0,2167,current_live,4,True,0.0
घिरौला,केजी,2026-10-05 07:04:20.562478,"असोज १९, २०८३",95.0,80.24,95.0,95.0,0.0,3255,current_live,4,True,0.0
चमसूरको साग,केजी,2026-10-05 07:04:20.562478,"असोज १९, २०८३",175.0,165.71,175.0,175.0,0.0,3870,current_live,4,True,0.0
चिचिण्डो,केजी,2026-10-05 07:04:20.562478,"असोज १९, २०८३",35.0,32.14,35.0,35.0,0.0,2309,current_live,4,True,0.0
चुकुन्दर,केजी,2026-10-05 07:04:20.562478,"असोज १९, २०८३",65.0,65.0,65.0,65.0,0.0,4417,current_live,4,True,0.0
च्याउ(डल्ले),केजी,2026-10-05 07:04:20.562478,"असोज १९, २०८३",475.0,453.57,475.0,475.0,0.0,2592,current_live,4,True,0.0
छ्यापी सुकेको,केजी,2026-10-05 07:04:20.562478,"असोज १९, २०८३",190.0,188.93,190.0,190.0,0.0,3180,current_live,4,True,0.0
छ्यापी हरियो,केजी,2026-10-05 07:04:20.562478,"असोज १९, २०८३",175.0,177.14,175.0,175.0,0.0,2602,current_live,4,True,0.0
जिरीको साग,केजी,2026-10-05 07:04:20.562478,"असोज १९, २०८३",125.0,125.0,125.0,125.0,0.0,4335,current_live,4,True,0.0
जुनार,केजी,2026-10-05 07:04:20.562478,"असोज १९, २०८३",175.0,175.0,175.0,175.0,0.0,1578,current_live,4,True,0.0
ड्रागन फ्रुट(नेपाली),केजी,2026-10-05 07:04:20.562478,"असोज १९, २०८३",550.0,550.0,550.0,550.0,0.0,58,current_live,4,True,0.0
तरबुजा(हरियो),केजी,2026-10-05 07:04:20.562478,"असोज १९, २०८३",65.0,65.0,65.0,65.0,0.0,4379,current_live,4,True,0.0
ताजा माछा(छडी),केजी,2026-10-05 07:04:20.562478,"असोज १९, २०८३",335.0,335.0,335.0,335.0,0.0,2537,current_live,4,True,0.0
ताजा माछा(बचुवा),केजी,2026-10-05 07:04:20.562478,"असोज १९, २०८३",320.0,320.0,320.0,320.0,0.0,2540,current_live,4,True,0.0
ताजा माछा(रहु),केजी,2026-10-05 07:04:20.562478,"असोज १९, २०८३",355.0,355.0,355.0,355.0,0.0,2538,current_live,4,True,0.0
तामा,केजी,2026-10-05 07:04:20.562478,"असोज १९, २०८३",150.0,150.0,150.0,150.0,0.0,4548,current_live,4,True,0.0
तोफु,केजी,2026-10-05 07:04:20.562478,"असोज १९, २०८३",150.0,149.76,150.0,150.0,0.0,4505,current_live,4,True,0.0
नरिवल(काँचो),केजी,2026-10-05 07:04:20.562478,"असोज १९, २०८३",70.0,70.0,70.0,70.0,0.0,109,current_live,4,True,0.0
नरिवल(हरियो),केजी,2026-10-05 07:04:20.562478,"असोज १९, २०८३",175.0,170.71,175.0,175.0,0.0,113,current_live,4,True,0.0
नासपाती(चाइनिज),केजी,2026-10-05 07:04:20.562478,"असोज १९, २०८३",225.0,225.0,225.0,225.0,0.0,2049,current_live,4,True,0.0
नासपाती(लोकल),केजी,2026-10-05 07:04:20.562478,"असोज १९, २०८३",95.0,95.0,95.0,95.0,0.0,2138,current_live,4,True,0.0
निबुवा,केजी,2026-10-05 07:04:20.562478,"असोज १९, २०८३",55.0,55.0,55.0,55.0,0.0,1527,current_live,4,True,0.0
न्यूरो,केजी,2026-10-05 07:04:20.562478,"असोज १९, २०८३",95.0,95.0,95.0,95.0,0.0,2460,current_live,4,True,0.0
परवर(तराई),केजी,2026-10-05 07:04:20.562478,"असोज १९, २०८३",95.0,93.57,95.0,95.0,0.0,1691,current_live,4,True,0.0
परवर(लोकल),केजी,2026-10-05 07:04:20.562478,"असोज १९, २०८३",95.0,92.86,95.0,95.0,0.0,3558,current_live,4,True,0.0
पार्सले,केजी,2026-10-05 07:04:20.562478,"असोज १९, २०८३",2600.0,2600.0,2600.0,2600.0,0.0,3882,current_live,4,True,0.0
पिंडालू,केजी,2026-10-05 07:04:20.562478,"असोज १९, २०८३",65.0,65.0,65.0,65.0,0.0,3574,current_live,4,True,0.0
पुदीना,केजी,2026-10-05 07:04:20.562478,"असोज १९, २०८३",650.0,650.0,650.0,650.0,0.0,4266,current_live,4,True,0.0
प्याज हरियो,केजी,2026-10-05 07:04:20.562478,"असोज १९, २०८३",275.0,267.14,275.0,275.0,0.0,4539,current_live,4,True,0.0
फर्सी पाकेको,केजी,2026-10-05 07:04:20.562478,"असोज १९, २०८३",65.0,65.0,65.0,65.0,0.0,4519,current_live,4,True,0.0
फर्सी हरियो(लाम्चो),केजी,2026-10-05 07:04:20.562478,"असोज १९, २०८३",85.0,86.43,85.0,85.0,0.0,3561,current_live,4,True,0.0
ब्रोकाउली,केजी,2026-10-05 07:04:20.562478,"असोज १९, २०८३",275.0,268.78,275.0,275.0,0.0,3691,current_live,4,True,0.0
भन्टा लाम्चो,केजी,2026-10-05 07:04:20.562478,"असोज १९, २०८३",55.0,57.86,55.0,55.0,0.0,4534,current_live,4,True,0.0
भुई कटहर,प्रति गोटा,2026-10-05 07:04:20.562478,"असोज १९, २०८३",175.0,175.0,175.0,175.0,0.0,4358,current_live,4,True,0.0
माछा सुकेको,केजी,2026-10-05 07:04:20.562478,"असोज १९, २०८३",900.0,900.0,900.0,900.0,0.0,347,current_live,4,True,0.0
मूला रातो,केजी,2026-10-05 07:04:20.562478,"असोज १९, २०८३",35.0,37.86,35.0,35.0,0.0,2334,current_live,4,True,0.0
मौसम,केजी,2026-10-05 07:04:20.562478,"असोज १९, २०८३",175.0,160.71,175.0,175.0,0.0,4122,current_live,4,True,0.0
लप्सी,केजी,2026-10-05 07:04:20.562478,"असोज १९, २०८३",55.0,56.43,55.0,55.0,0.0,2845,current_live,4,True,0.0
लसुन हरियो,केजी,2026-10-05 07:04:20.562478,"असोज १९, २०८३",325.0,317.14,325.0,325.0,0.0,4444,current_live,4,True,0.0
शरीफा,के‍.जी,2026-10-05 07:04:20.562478,"असोज १९, २०८३",175.0,182.14,175.0,175.0,0.0,562,current_live,4,True,0.0
सखरखण्ड,केजी,2026-10-05 07:04:20.562478,"असोज १९, २०८३",110.0,105.0,110.0,110.0,0.0,2061,current_live,4,True,0.0
सजिवन,केजी,2026-10-05 07:04:20.562478,"असोज १९, २०८३",225.0,225.0,225.0,225.0,0.0,1473,current_live,4,True,0.0
सिताके च्याउ,केजी,2026-10-05 07:04:20.562478,"असोज १९, २०८३",900.0,900.0,900.0,900.0,0.0,656,current_live,4,True,0.0
सेतो मूला(हाइब्रीड),केजी,2026-10-05 07:04:20.562478,"असोज १९, २०८३",55.0,55.0,55.0,55.0,0.0,2573,current_live,4,True,0.0
सेलरी,केजी,2026-10-05 07:04:20.562478,"असोज १९, २०८३",450.0,450.0,450.0,450.0,0.0,4191,current_live,4,True,0.0
स्याउ(जुम्ला),केजी,2026-10-05 07:04:20.562478,"असोज १९, २०८३",300.0,300.0,300.0,300.0,0.0,26,current_live,4,True,0.0
स्याउ(फूजी),केजी,2026-10-05 07:04:20.562478,"असोज १९, २०८३",325.0,325.0,325.0,325.0,0.0,2293,current_live,4,True,0.0
हरियो फर्सी(डल्लो),केजी,2026-10-05 07:04:20.562478,"असोज १९, २०८३",55.0,54.76,55.0,55.0,0.0,2565,current_live,4,True,0.0
