fetched_at_utc,requested_date_ad,scrape_date_bs,commodity,unit,min_price,max_price,avg_price
2026-10-05T07:04:20.562478+00:00,,"असोज १९, २०८३",अदुवा,केजी,200.0,230.0,216.67
2026-10-05T07:04:20.562478+00:00,,"असोज १९, २०८३",अनार,केजी,300.0,350.0,325.0
2026-10-05T07:04:20.562478+00:00,,"असोज १९, २०८३",अमला,केजी,80.0,100.0,90.0
2026-10-05T07:04:20.562478+00:00,,"असोज १९, २०८३",अम्बा,केजी,150.0,200.0,175.0
2026-10-05T07:04:20.562478+00:00,,"असोज १९, २०८३",आभोकाडो,केजी,250.0,300.0,275.0
2026-10-05T07:04:20.562478+00:00,,"असोज १९, २०८३",आलु रातो(भारतीय),केजी,50.0,53.0,51.33
2026-10-05T07:04:20.562478+00:00,,"असोज १९, २०८३",आलु रातो(मुडे),केजी,50.0,55.0,52.33
2026-10-05T07:04:20.562478+00:00,,"असोज १९, २०८३",आलु रातो(लाम्चो),केजी,55.0,60.0,57.17
2026-10-05T07:04:20.562478+00:00,,"असोज १९, २०८३",इमली,केजी,160.0,180.0,170.0
2026-10-05T07:04:20.562478+00:00,,"असोज १९, २०८३",काउली स्थानिय,केजी,110.0,130.0,120.0
2026-10-05T07:04:20.562478+00:00,,"असोज १९, २०८३",काक्रो(लोकल),केजी,60.0,80.0,70.0
2026-10-05T07:04:20.562478+00:00,,"असोज १९, २०८३",काक्रो(लोकलक्रस),केजी,60.0,80.0,66.67
2026-10-05T07:04:20.562478+00:00,,"असोज १९, २०८३",काक्रो(हाइब्रीड),केजी,15.0,25.0,18.33
2026-10-05T07:04:20.562478+00:00,,"असोज १९, २०८३",कागती,केजी,200.0,300.0,250.0
2026-10-05T07:04:20.562478+00:00,,"असोज १९, २०८३",किवि,केजी,350.0,400.0,375.0
2026-10-05T07:04:20.562478+00:00,,"असोज १९, २०८३",कुरीलो,केजी,700.0,800.0,750.0
2026-10-05T07:04:20.562478+00:00,,"असोज १९, २०८३",केरा(नेपाली),दर्जन,150.0,200.0,175.0
2026-10-05T07:04:20.562478+00:00,,"असोज १९, २०८३",केरा(मालभोग),दर्जन,100.0,150.0,125.0
2026-10-05T07:04:20.562478+00:00,,"असोज १९, २०८३",खुर्सानी हरियो(अकबरे),केजी,80.0,130.0,95.0
2026-10-05T07:04:20.562478+00:00,,"असोज १९, २०८३",खुर्सानी हरियो(बुलेट),केजी,110.0,130.0,118.33
2026-10-05T07:04:20.562478+00:00,,"असोज १९, २०८३",खुर्सानी हरियो(माछे),केजी,90.0,100.0,95.0
2026-10-05T07:04:20.562478+00:00,,"असोज १९, २०८३",खुर्सानी हरियो(लाम्चो),केजी,110.0,130.0,118.33
2026-10-05T07:04:20.562478+00:00,,"असोज १९, २०८३",खु्र्सानी सुकेको,केजी,500.0,550.0,530.0
2026-10-05T07:04:20.562478+00:00,,"असोज १९, २०८३",गाजर(तराई),केजी,80.0,90.0,85.0
2026-10-05T07:04:20.562478+00:00,,"असोज १९, २०८३",गाजर(लोकल),केजी,110.0,130.0,120.0
2026-10-05T07:04:20.562478+00:00,,"असोज १९, २०८३",गान्टे मूला,केजी,100.0,150.0,125.0
2026-10-05T07:04:20.562478+00:00,,"असोज १९, २०८३",गुन्दुक,केजी,300.0,350.0,325.0
2026-10-05T07:04:20.562478+00:00,,"असोज १९, २०८३",गोलभेडा ठूलो(नेपाली),केजी,60.0,70.0,65.0
2026-10-05T07:04:20.562478+00:00,,"असोज १९, २०८३",गोलभेडा ठूलो(भारतीय),केजी,70.0,80.0,75.0
2026-10-05T07:04:20.562478+00:00,,"असोज १९, २०८३",गोलभेडा सानो(टनेल),केजी,55.0,78.0,66.86
2026-10-05T07:04:20.562478+00:00,,"असोज १९, २०८३",गोलभेडा सानो(भारतीय),केजी,50.0,60.0,55.0
2026-10-05T07:04:20.562478+00:00,,"असोज १९, २०८३",गोलभेडा सानो(लोकल),केजी,48.0,55.0,50.0
2026-10-05T07:04:20.562478+00:00,,"असोज १९, २०८३",घिउ सिमी(लोकल),केजी,90.0,100.0,95.71
2026-10-05T07:04:20.562478+00:00,,"असोज १९, २०८३",घिउ सिमी(हाइब्रीड),केजी,90.0,100.0,95.71
2026-10-05T07:04:20.562478+00:00,,"असोज १९, २०८३",घिरौला,केजी,90.0,100.0,95.0
2026-10-05T07:04:20.562478+00:00,,"असोज १९, २०८३",चमसूरको साग,केजी,150.0,200.0,175.0
2026-10-05T07:04:20.562478+00:00,,"असोज १९, २०८३",चिचिण्डो,केजी,30.0,40.0,35.0
2026-10-05T07:04:20.562478+00:00,,"असोज १९, २०८३",चुकुन्दर,केजी,60.0,70.0,65.0
2026-10-05T07:04:20.562478+00:00,,"असोज १९, २०८३",च्याउ(कन्य),केजी,240.0,280.0,257.5
2026-10-05T07:04:20.562478+00:00,,"असोज १९, २०८३",च्याउ(डल्ले),केजी,450.0,500.0,475.0
2026-10-05T07:04:20.562478+00:00,,"असोज १९, २०८३",छ्यापी सुकेको,केजी,180.0,200.0,190.0
2026-10-05T07:04:20.562478+00:00,,"असोज १९, २०८३",छ्यापी हरियो,केजी,150.0,200.0,175.0
2026-10-05T07:04:20.562478+00:00,,"असोज १९, २०८३",जिरीको साग,केजी,100.0,150.0,125.0
2026-10-05T07:04:20.562478+00:00,,"असोज १९, २०८३",जुनार,केजी,150.0,200.0,175.0
2026-10-05T07:04:20.562478+00:00,,"असोज १९, २०८३",झिगूनी,केजी,70.0,80.0,75.0
2026-10-05T07:04:20.562478+00:00,,"असोज १९, २०८३",टाटे सिमी,केजी,90.0,100.0,95.0
2026-10-05T07:04:20.562478+00:00,,"असोज १९, २०८३",ड्रागन फ्रुट(नेपाली),केजी,500.0,600.0,550.0
2026-10-05T07:04:20.562478+00:00,,"असोज १९, २०८३",तरबुजा(हरियो),केजी,60.0,70.0,65.0
2026-10-05T07:04:20.562478+00:00,,"असोज १९, २०८३",ताजा माछा(छडी),केजी,320.0,350.0,335.0
2026-10-05T07:04:20.562478+00:00,,"असोज १९, २०८३",ताजा माछा(बचुवा),केजी,300.0,340.0,320.0
2026-10-05T07:04:20.562478+00:00,,"असोज १९, २०८३",ताजा माछा(रहु),केजी,340.0,370.0,355.0
2026-10-05T07:04:20.562478+00:00,,"असोज १९, २०८३",तामा,केजी,140.0,160.0,150.0
2026-10-05T07:04:20.562478+00:00,,"असोज १९, २०८३",तितो करेला,केजी,120.0,140.0,130.0
2026-10-05T07:04:20.562478+00:00,,"असोज १९, २०८३",तोफु,केजी,140.0,160.0,150.0
2026-10-05T07:04:20.562478+00:00,,"असोज १९, २०८३",तोरीको साग,केजी,80.0,100.0,90.0
2026-10-05T07:04:20.562478+00:00,,"असोज १९, २०८३",नरिवल(काँचो),केजी,60.0,80.0,70.0
2026-10-05T07:04:20.562478+00:00,,"असोज १९, २०८३",नरिवल(हरियो),केजी,150.0,200.0,175.0
2026-10-05T07:04:20.562478+00:00,,"असोज १९, २०८३",नासपाती(चाइनिज),केजी,200.0,250.0,225.0
2026-10-05T07:04:20.562478+00:00,,"असोज १९, २०८३",नासपाती(लोकल),केजी,90.0,100.0,95.0
2026-10-05T07:04:20.562478+00:00,,"असोज १९, २०८३",निबुवा,केजी,50.0,60.0,55.0
2026-10-05T07:04:20.562478+00:00,,"असोज १९, २०८३",न्यूरो,केजी,90.0,100.0,95.0
2026-10-05T07:04:20.562478+00:00,,"असोज १९, २०८३",परवर(तराई),केजी,90.0,100.0,95.0
2026-10-05T07:04:20.562478+00:00,,"असोज १९, २०८३",परवर(लोकल),केजी,90.0,100.0,95.0
2026-10-05T07:04:20.562478+00:00,,"असोज १९, २०८३",पार्सले,केजी,2400.0,2800.0,2600.0
2026-10-05T07:04:20.562478+00:00,,"असोज १९, २०८३",पालूगो साग,केजी,150.0,200.0,175.0
2026-10-05T07:04:20.562478+00:00,,"असोज १९, २०८३",पिंडालू,केजी,60.0,70.0,65.0
2026-10-05T07:04:20.562478+00:00,,"असोज १९, २०८३",पुदीना,केजी,600.0,700.0,650.0
2026-10-05T07:04:20.562478+00:00,,"असोज १९, २०८३",प्याज सुकेको (भारतीय),केजी,85.0,90.0,87.5
2026-10-05T07:04:20.562478+00:00,,"असोज १९, २०८३",प्याज हरियो,केजी,250.0,300.0,275.0
2026-10-05T07:04:20.562478+00:00,,"असोज १९, २०८३",फर्सी पाकेको,केजी,60.0,70.0,65.0
2026-10-05T07:04:20.562478+00:00,,"असोज १९, २०८३",फर्सी हरियो(लाम्चो),केजी,80.0,90.0,85.0
2026-10-05T07:04:20.562478+00:00,,"असोज १९, २०८३",बन्दा(लोकल),केजी,45.0,55.0,50.0
2026-10-05T07:04:20.562478+00:00,,"असोज १९, २०८३",बरेला,केजी,100.0,130.0,112.5
2026-10-05T07:04:20.562478+00:00,,"असोज १९, २०८३",बोडी(तने),केजी,120.0,150.0,133.33
2026-10-05T07:04:20.562478+00:00,,"असोज १९, २०८३",ब्रोकाउली,केजी,250.0,300.0,275.0
2026-10-05T07:04:20.562478+00:00,,"असोज १९, २०८३",भटमासकोशा,केजी,110.0,130.0,120.0
2026-10-05T07:04:20.562478+00:00,,"असोज १९, २०८३",भन्टा डल्लो,केजी,70.0,80.0,75.0
2026-10-05T07:04:20.562478+00:00,,"असोज १९, २०८३",भन्टा लाम्चो,केजी,50.0,60.0,55.0
2026-10-05T07:04:20.562478+00:00,,"असोज १९, २०८३",भिण्डी,केजी,80.0,90.0,85.0
2026-10-05T07:04:20.562478+00:00,,"असोज १९, २०८३",भुई कटहर,प्रति गोटा,150.0,200.0,175.0
2026-10-05T07:04:20.562478+00:00,,"असोज १९, २०८३",भेडे खु्र्सानी,केजी,90.0,100.0,95.0
2026-10-05T07:04:20.562478+00:00,,"असोज १९, २०८३",मकै बोडी,केजी,100.0,120.0,113.33
2026-10-05T07:04:20.562478+00:00,,"असोज १९, २०८३",माछा सुकेको,केजी,800.0,1000.0,900.0
2026-10-05T07:04:20.562478+00:00,,"असोज १९, २०८३",मूला रातो,केजी,30.0,40.0,35.0
2026-10-05T07:04:20.562478+00:00,,"असोज १९, २०८३",मेवा(नेपाली),केजी,50.0,60.0,55.0
2026-10-05T07:04:20.562478+00:00,,"असोज १९, २०८३",मेवा(भारतीय),केजी,90.0,100.0,95.0
2026-10-05T07:04:20.562478+00:00,,"असोज १९, २०८३",मौसम,केजी,150.0,200.0,175.0
2026-10-05T07:04:20.562478+00:00,,"असोज १९, २०८३",राजा च्याउ,केजी,300.0,330.0,320.0
2026-10-05T07:04:20.562478+00:00,,"असोज १९, २०८३",रातो आलु(गोलो),केजी,50.0,55.0,52.25
2026-10-05T07:04:20.562478+00:00,,"असोज १९, २०८३",रायो साग,केजी,150.0,200.0,175.0
2026-10-05T07:04:20.562478+00:00,,"असोज १९, २०८३",लप्सी,केजी,50.0,60.0,55.0
2026-10-05T07:04:20.562478+00:00,,"असोज १९, २०८३",लसुन सुकेको चाइनिज,केजी,220.0,260.0,245.0
2026-10-05T07:04:20.562478+00:00,,"असोज १९, २०८३",लसुन सुकेको नेपाली,केजी,200.0,230.0,220.0
2026-10-05T07:04:20.562478+00:00,,"असोज १९, २०८३",लसुन हरियो,केजी,300.0,350.0,325.0
2026-10-05T07:04:20.562478+00:00,,"असोज १९, २०८३",लौका,केजी,90.0,100.0,95.0
2026-10-05T07:04:20.562478+00:00,,"असोज १९, २०८३",शरीफा,के‍.जी,150.0,200.0,175.0
2026-10-05T07:04:20.562478+00:00,,"असोज १९, २०८३",सखरखण्ड,केजी,100.0,120.0,110.0
2026-10-05T07:04:20.562478+00:00,,"असोज १९, २०८३",सजिवन,केजी,200.0,250.0,225.0
2026-10-05T07:04:20.562478+00:00,,"असोज १९, २०८३",सिताके च्याउ,केजी,800.0,1000.0,900.0
2026-10-05T07:04:20.562478+00:00,,"असोज १९, २०८३",सुन्तला(भारतीय),केजी,150.0,200.0,175.0
2026-10-05T07:04:20.562478+00:00,,"असोज १९, २०८३",सेतो मूला(हाइब्रीड),केजी,50.0,60.0,55.0
2026-10-05T07:04:20.562478+00:00,,"असोज १९, २०८३",सेलरी,केजी,400.0,500.0,450.0
2026-10-05T07:04:20.562478+00:00,,"असोज १९, २०८३",सौफको साग,केजी,150.0,200.0,175.0
2026-10-05T07:04:20.562478+00:00,,"असोज १९, २०८३",स्कूस,केजी,20.0,30.0,25.0
2026-10-05T07:04:20.562478+00:00,,"असोज १९, २०८३",स्याउ(जुम्ला),केजी,250.0,350.0,300.0
2026-10-05T07:04:20.562478+00:00,,"असोज १९, २०८३",स्याउ(फूजी),केजी,300.0,350.0,325.0
2026-10-05T07:04:20.562478+00:00,,"असोज १९, २०८३",स्याउ(मुस्ताङ्ग),केजी,200.0,250.0,225.0
2026-10-05T07:04:20.562478+00:00,,"असोज १९, २०८३",हरियो धनिया,केजी,150.0,300.0,200.0
2026-10-05T07:04:20.562478+00:00,,"असोज १९, २०८३",हरियो फर्सी(डल्लो),केजी,50.0,60.0,55.0
