commodity,unit,latest_date,latest_bs_date,current_avg_price,baseline_median_7,baseline_mean_7,abs_change_vs_median,pct_change_vs_median,history_points,latest_history_confidence_band,latest_history_confidence_rank,latest_is_default_model_window,abs_pct_change
तरबुजा(पाटे),केजी,2025-03-22 00:00:00.000000,"चैत ०९, २०८१",233.33,37.5,34.31,195.83,522.21,56,stronger_historical,3,True,522.21
मेथीको साग,केजी,2026-07-09 05:16:52.695495,"असार २५, २०८३",160.0,65.0,69.52,95.0,146.15,3399,current_live,4,True,146.15
सुकेको प्याज (चाइनिज),केजी,2024-08-30 00:00:00.000000,"भदौ १४, २०८१",122.5,62.5,70.33,60.0,96.0,144,stronger_historical,3,True,96.0
बरेला,केजी,2026-10-04 06:50:43.390757,"असोज १८, २०८३",115.0,60.0,74.64,55.0,91.67,2424,current_live,4,True,91.67
रायो साग,केजी,2026-10-04 06:50:43.390757,"असोज १८, २०८३",175.0,100.0,113.57,75.0,75.0,4545,current_live,4,True,75.0
घिरौला,केजी,2026-10-04 06:50:43.390757,"असोज १८, २०८३",95.0,55.0,63.45,40.0,72.73,3254,current_live,4,True,72.73
पालूगो साग,केजी,2026-10-04 06:50:43.390757,"असोज १८, २०८३",175.0,110.0,122.14,65.0,59.09,4255,current_live,4,True,59.09
मूला सेतो(लोकल),केजी,2026-09-07 06:07:52.233094,"भदौ २२, २०८३",27.5,17.5,17.73,10.0,57.14,4185,current_live,4,True,57.14
गोलभेडा सानो(तराई),केजी,2026-05-25 05:49:57.579758,"जेठ ११, २०८३",22.5,45.0,41.14,-22.5,-50.0,1153,current_live,4,True,50.0
बोडी(तने),केजी,2026-10-04 06:50:43.390757,"असोज १८, २०८३",138.33,95.0,91.31,43.33,45.61,3703,current_live,4,True,45.61
चिचिण्डो,केजी,2026-10-04 06:50:43.390757,"असोज १८, २०८३",35.0,25.0,29.29,10.0,40.0,2308,current_live,4,True,40.0
बन्दा(तराई),केजी,2026-08-13 03:33:22.596740,"साउन २८, २०८३",35.0,25.0,26.07,10.0,40.0,880,current_live,4,True,40.0
मौसम,केजी,2026-10-04 06:50:43.390757,"असोज १८, २०८३",175.0,125.0,146.43,50.0,40.0,4121,current_live,4,True,40.0
सुन्तला(नेपाली),केजी,2026-07-28 04:29:47.492023,"साउन १२, २०८३",105.0,175.0,165.71,-70.0,-40.0,2080,current_live,4,True,40.0
कुरीलो,केजी,2026-10-04 06:50:43.390757,"असोज १८, २०८३",750.0,550.0,607.14,200.0,36.36,2609,current_live,4,True,36.36
स्याउ(झोले),केजी,2026-07-20 04:53:21.638523,"साउन ०४, २०८३",290.0,215.0,220.71,75.0,34.88,3602,current_live,4,True,34.88
गोलभेडा ठूलो(नेपाली),केजी,2026-10-04 06:50:43.390757,"असोज १८, २०८३",65.0,95.0,91.43,-30.0,-31.58,3742,current_live,4,True,31.58
भटमासकोशा,केजी,2026-10-04 06:50:43.390757,"असोज १८, २०८३",130.0,190.0,171.07,-60.0,-31.58,2046,current_live,4,True,31.58
तरुल,केजी,2026-05-23 04:52:29.888045,"जेठ ०९, २०८३",55.0,80.0,81.43,-25.0,-31.25,1905,current_live,4,True,31.25
तितो करेला,केजी,2026-10-04 06:50:43.390757,"असोज १८, २०८३",123.33,95.0,92.38,28.33,29.82,4469,current_live,4,True,29.82
काक्रो(लोकलक्रस),केजी,2026-10-04 06:50:43.390757,"असोज १८, २०८३",71.25,55.0,58.39,16.25,29.55,230,current_live,4,True,29.55
आँप(कलकत्ते),केजी,2025-07-23 00:00:00.000000,"साउन ०७, २०८२",135.0,190.0,152.14,-55.0,-28.95,180,stronger_historical,3,True,28.95
तोरीको साग,केजी,2026-10-04 06:50:43.390757,"असोज १८, २०८३",65.0,90.0,87.14,-25.0,-27.78,4283,current_live,4,True,27.78
घिउ सिमी(लोकल),केजी,2026-10-04 06:50:43.390757,"असोज १८, २०८३",95.0,75.0,80.48,20.0,26.67,4544,current_live,4,True,26.67
मेवा(नेपाली),केजी,2026-10-04 06:50:43.390757,"असोज १८, २०८३",55.0,75.0,70.0,-20.0,-26.67,3470,current_live,4,True,26.67
मटरकोशा,केजी,2026-07-10 05:09:24.361960,"असार २६, २०८३",130.0,176.67,158.51,-46.67,-26.42,2917,current_live,4,True,26.42
आँप(दसहरी),केजी,2026-08-29 07:54:00.494013,"भदौ १३, २०८३",240.0,190.0,197.14,50.0,26.32,570,current_live,4,True,26.32
खुर्सानी हरियो(अकबरे),केजी,2026-10-04 06:50:43.390757,"असोज १८, २०८३",93.75,125.0,129.64,-31.25,-25.0,2166,current_live,4,True,25.0
स्कूस,केजी,2026-10-04 06:50:43.390757,"असोज १८, २०८३",25.0,20.0,20.89,5.0,25.0,3889,current_live,4,True,25.0
घिउ सिमी(हाइब्रीड),केजी,2026-10-04 06:50:43.390757,"असोज १८, २०८३",95.0,77.5,80.83,17.5,22.58,2556,current_live,4,True,22.58
काउली तराई,केजी,2026-05-11 05:07:34.402222,"बैशाख २८, २०८३",35.0,45.0,46.25,-10.0,-22.22,1372,current_live,4,True,22.22
मूला रातो,केजी,2026-10-04 06:50:43.390757,"असोज १८, २०८३",35.0,45.0,40.71,-10.0,-22.22,2333,current_live,4,True,22.22
स्थानीय काउली(ज्यापु),केजी,2026-05-07 04:45:31.275410,"बैशाख २४, २०८३",55.0,45.0,55.71,10.0,22.22,1471,current_live,4,True,22.22
लीच्ची(लोकल),केजी,2026-07-10 05:09:24.361960,"असार २६, २०८३",275.0,226.67,231.91,48.33,21.32,451,current_live,4,True,21.32
गोलभेडा ठूलो(भारतीय),केजी,2026-10-04 06:50:43.390757,"असोज १८, २०८३",75.0,95.0,92.86,-20.0,-21.05,2166,current_live,4,True,21.05
स्याउ(मुस्ताङ्ग),केजी,2026-10-04 06:50:43.390757,"असोज १८, २०८३",175.0,145.0,153.57,30.0,20.69,27,current_live,4,True,20.69
हरियो धनिया,केजी,2026-10-04 06:50:43.390757,"असोज १८, २०८३",175.0,145.0,209.41,30.0,20.69,4544,current_live,4,True,20.69
काक्रो(लोकल),केजी,2026-10-04 06:50:43.390757,"असोज १८, २०८३",66.25,55.0,56.67,11.25,20.45,4486,current_live,4,True,20.45
लौका,केजी,2026-10-04 06:50:43.390757,"असोज १८, २०८३",95.0,81.25,77.32,13.75,16.92,4500,current_live,4,True,16.92
सुन्तला(भारतीय),केजी,2026-10-04 06:50:43.390757,"असोज १८, २०८३",175.0,150.0,153.57,25.0,16.67,1208,current_live,4,True,16.67
अंगुर(हरियो),केजी,2026-05-26 05:13:48.159356,"जेठ १२, २०८३",260.0,310.0,288.57,-50.0,-16.13,2213,current_live,4,True,16.13
मकै बोडी,केजी,2026-10-04 06:50:43.390757,"असोज १८, २०८३",110.0,95.0,92.86,15.0,15.79,1698,current_live,4,True,15.79
कोइरालो,केजी,2026-05-10 04:54:39.142124,"बैशाख २७, २०८३",335.0,290.0,303.81,45.0,15.52,552,current_live,4,True,15.52
झिगूनी,केजी,2026-10-04 06:50:43.390757,"असोज १८, २०८३",75.0,65.0,66.43,10.0,15.38,1688,current_live,4,True,15.38
सलगम,केजी,2026-03-23 04:00:48.494612,"चैत ०९, २०८२",45.0,52.5,51.07,-7.5,-14.29,1503,current_live,4,True,14.29
मेवा(भारतीय),केजी,2026-10-04 06:50:43.390757,"असोज १८, २०८३",95.0,110.0,107.86,-15.0,-13.64,2544,current_live,4,True,13.64
परवर(तराई),केजी,2026-10-04 06:50:43.390757,"असोज १८, २०८३",95.0,85.0,89.29,10.0,11.76,1690,current_live,4,True,11.76
परवर(लोकल),केजी,2026-10-04 06:50:43.390757,"असोज १८, २०८३",95.0,85.0,87.14,10.0,11.76,3557,current_live,4,True,11.76
बन्दा(नरिवल),केजी,2026-05-07 04:45:31.275410,"बैशाख २४, २०८३",25.0,22.5,23.93,2.5,11.11,894,current_live,4,True,11.11
गोलभेडा सानो(भारतीय),केजी,2026-10-04 06:50:43.390757,"असोज १८, २०८३",65.0,58.75,61.07,6.25,10.64,1303,current_live,4,True,10.64
गाजर(तराई),केजी,2026-10-04 06:50:43.390757,"असोज १८, २०८३",85.0,95.0,93.57,-10.0,-10.53,1617,current_live,4,True,10.53
नरिवल(हरियो),केजी,2026-10-04 06:50:43.390757,"असोज १८, २०८३",175.0,160.0,166.43,15.0,9.38,112,current_live,4,True,9.38
बन्दा(लोकल),केजी,2026-10-04 06:50:43.390757,"असोज १८, २०८३",50.0,55.0,64.29,-5.0,-9.09,4545,current_live,4,True,9.09
च्याउ(कन्य),केजी,2026-10-04 06:50:43.390757,"असोज १८, २०८३",243.33,225.0,228.83,18.33,8.15,4529,current_live,4,True,8.15
आभोकाडो,केजी,2026-10-04 06:50:43.390757,"असोज १८, २०८३",300.0,325.0,300.0,-25.0,-7.69,1556,current_live,4,True,7.69
गाजर(लोकल),केजी,2026-10-04 06:50:43.390757,"असोज १८, २०८३",120.0,130.0,126.79,-10.0,-7.69,4540,current_live,4,True,7.69
चाक्सी,केजी,2025-10-28 00:00:00.000000,"कार्तिक ११, २०८२",140.0,150.0,149.79,-10.0,-6.67,30,stronger_historical,3,True,6.67
खरबुजा,केजी,2025-03-22 00:00:00.000000,"चैत ०९, २०८१",45.0,42.33,42.33,2.67,6.31,34,stronger_historical,3,True,6.31
गोलभेडा सानो(टनेल),केजी,2026-10-04 06:50:43.390757,"असोज १८, २०८३",74.06,78.31,78.22,-4.25,-5.43,2209,current_live,4,True,5.43
प्याज सुकेको (भारतीय),केजी,2026-10-04 06:50:43.390757,"असोज १८, २०८३",87.5,92.5,92.45,-5.0,-5.41,4519,current_live,4,True,5.41
खु्र्सानी हरियो,केजी,2026-05-10 04:54:39.142124,"बैशाख २७, २०८३",90.0,95.0,91.19,-5.0,-5.26,4415,current_live,4,True,5.26
भेडे खु्र्सानी,केजी,2026-10-04 06:50:43.390757,"असोज १८, २०८३",90.0,95.0,93.57,-5.0,-5.26,4521,current_live,4,True,5.26
केरा,दर्जन,2026-05-10 04:54:39.142124,"बैशाख २७, २०८३",190.0,200.0,200.0,-10.0,-5.0,4421,current_live,4,True,5.0
काक्रो(हाइब्रीड),केजी,2026-10-04 06:50:43.390757,"असोज १८, २०८३",18.33,17.5,22.98,0.83,4.74,2559,current_live,4,True,4.74
किनु,केजी,2026-04-11 03:47:34.091088,"चैत २८, २०८२",125.0,120.0,120.71,5.0,4.17,794,current_live,4,True,4.17
खुर्सानी हरियो(बुलेट),केजी,2026-10-04 06:50:43.390757,"असोज १८, २०८३",110.0,105.83,125.18,4.17,3.94,2430,current_live,4,True,3.94
आँप(मालदह),केजी,2026-08-29 07:54:00.494013,"भदौ १३, २०८३",275.0,265.0,267.86,10.0,3.77,1351,current_live,4,True,3.77
आलु रातो(मुडे),केजी,2026-10-04 06:50:43.390757,"असोज १८, २०८३",52.5,50.67,51.34,1.83,3.61,1157,current_live,4,True,3.61
रातो आलु(गोलो),केजी,2026-10-04 06:50:43.390757,"असोज १८, २०८३",52.5,50.67,51.24,1.83,3.61,122,current_live,4,True,3.61
आलु रातो,केजी,2026-05-10 04:54:39.142124,"बैशाख २७, २०८३",25.63,24.75,24.71,0.88,3.56,4418,current_live,4,True,3.56
माछा ताजा,केजी,2020-10-20 00:00:00.000000,"कार्तिक ०४, २०७७",255.0,248.0,247.43,7.0,2.82,1939,stronger_historical,3,True,2.82
लसुन सुकेको चाइनिज,केजी,2026-10-04 06:50:43.390757,"असोज १८, २०८३",242.5,236.67,237.14,5.83,2.46,4524,current_live,4,True,2.46
लसुन सुकेको नेपाली,केजी,2026-10-04 06:50:43.390757,"असोज १८, २०८३",217.5,213.33,214.29,4.17,1.95,4259,current_live,4,True,1.95
घिउ सिमी(राजमा),केजी,2026-08-01 04:36:04.718309,"साउन १६, २०८३",142.5,140.0,138.45,2.5,1.79,1675,current_live,4,True,1.79
अदुवा,केजी,2026-10-04 06:50:43.390757,"असोज १८, २०८३",215.0,211.67,212.62,3.33,1.57,4553,current_live,4,True,1.57
खुर्सानी हरियो(लाम्चो),केजी,2026-10-04 06:50:43.390757,"असोज १८, २०८३",110.0,108.75,140.89,1.25,1.15,121,current_live,4,True,1.15
राजा च्याउ,केजी,2026-10-04 06:50:43.390757,"असोज १८, २०८३",315.0,312.5,313.1,2.5,0.8,812,current_live,4,True,0.8
आलु रातो(भारतीय),केजी,2026-10-04 06:50:43.390757,"असोज १८, २०८३",51.5,51.17,50.53,0.33,0.64,2378,current_live,4,True,0.64
अंगुर(कालो),केजी,2026-05-19 05:13:39.021117,"जेठ ०५, २०८३",425.0,425.0,425.0,0.0,0.0,1318,current_live,4,True,0.0
अनार,केजी,2026-10-04 06:50:43.390757,"असोज १८, २०८३",325.0,325.0,325.0,0.0,0.0,4432,current_live,4,True,0.0
अमला,केजी,2026-10-04 06:50:43.390757,"असोज १८, २०८३",90.0,90.0,90.0,0.0,0.0,1152,current_live,4,True,0.0
अम्बा,केजी,2026-10-04 06:50:43.390757,"असोज १८, २०८३",175.0,175.0,182.14,0.0,0.0,1440,current_live,4,True,0.0
आँप(चोसा),केजी,2026-08-28 12:48:04.314715,"भदौ १२, २०८३",240.0,240.0,240.0,0.0,0.0,183,current_live,4,True,0.0
आलु रातो(लाम्चो),केजी,2026-10-04 06:50:43.390757,"असोज १८, २०८३",57.17,57.17,56.93,0.0,0.0,122,current_live,4,True,0.0
आलु सेतो,केजी,2026-09-13 06:12:05.143346,"भदौ २८, २०८३",37.5,37.5,37.6,0.0,0.0,3464,current_live,4,True,0.0
इमली,केजी,2026-10-04 06:50:43.390757,"असोज १८, २०८३",170.0,170.0,170.48,0.0,0.0,4520,current_live,4,True,0.0
उखु,प्रति वटा,2025-05-08 00:00:00.000000,"बैशाख २५, २०८२",75.0,75.0,76.43,0.0,0.0,644,stronger_historical,3,True,0.0
काउली स्थानिय,केजी,2026-10-04 06:50:43.390757,"असोज १८, २०८३",110.0,110.0,109.47,0.0,0.0,4557,current_live,4,True,0.0
कागती,केजी,2026-10-04 06:50:43.390757,"असोज १८, २०८३",250.0,250.0,250.0,0.0,0.0,4526,current_live,4,True,0.0
किवि,केजी,2026-10-04 06:50:43.390757,"असोज १८, २०८३",375.0,375.0,375.0,0.0,0.0,1796,current_live,4,True,0.0
केरा(नेपाली),दर्जन,2026-10-04 06:50:43.390757,"असोज १८, २०८३",175.0,175.0,175.0,0.0,0.0,121,current_live,4,True,0.0
केरा(मालभोग),दर्जन,2026-10-04 06:50:43.390757,"असोज १८, २०८३",125.0,125.0,126.19,0.0,0.0,120,current_live,4,True,0.0
खुर्सानी हरियो(माछे),केजी,2026-10-04 06:50:43.390757,"असोज १८, २०८३",95.0,95.0,91.49,0.0,0.0,2234,current_live,4,True,0.0
खु्र्सानी सुकेको,केजी,2026-10-04 06:50:43.390757,"असोज १८, २०८३",525.0,525.0,523.57,0.0,0.0,4552,current_live,4,True,0.0
गान्टे मूला,केजी,2026-10-04 06:50:43.390757,"असोज १८, २०८३",125.0,125.0,124.29,0.0,0.0,4199,current_live,4,True,0.0
गुन्दुक,केजी,2026-10-04 06:50:43.390757,"असोज १८, २०८३",325.0,325.0,325.0,0.0,0.0,4094,current_live,4,True,0.0
गोलभेडा सानो(लोकल),केजी,2026-10-04 06:50:43.390757,"असोज १८, २०८३",55.0,55.0,60.63,0.0,0.0,4447,current_live,4,True,0.0
ग्याठ कोबी,केजी,2026-04-30 04:44:27.047553,"बैशाख १७, २०८३",45.0,45.0,45.0,0.0,0.0,2348,current_live,4,True,0.0
चमसूरको साग,केजी,2026-10-04 06:50:43.390757,"असोज १८, २०८३",175.0,175.0,142.86,0.0,0.0,3869,current_live,4,True,0.0
चुकुन्दर,केजी,2026-10-04 06:50:43.390757,"असोज १८, २०८३",65.0,65.0,65.0,0.0,0.0,4416,current_live,4,True,0.0
च्याउ(डल्ले),केजी,2026-10-04 06:50:43.390757,"असोज १८, २०८३",475.0,475.0,453.57,0.0,0.0,2591,current_live,4,True,0.0
छ्यापी सुकेको,केजी,2026-10-04 06:50:43.390757,"असोज १८, २०८३",190.0,190.0,188.69,0.0,0.0,3179,current_live,4,True,0.0
छ्यापी हरियो,केजी,2026-10-04 06:50:43.390757,"असोज १८, २०८३",175.0,175.0,177.14,0.0,0.0,2601,current_live,4,True,0.0
जिरीको साग,केजी,2026-10-04 06:50:43.390757,"असोज १८, २०८३",125.0,125.0,125.0,0.0,0.0,4334,current_live,4,True,0.0
जुनार,केजी,2026-10-04 06:50:43.390757,"असोज १८, २०८३",175.0,175.0,175.0,0.0,0.0,1577,current_live,4,True,0.0
टाटे सिमी,केजी,2026-10-04 06:50:43.390757,"असोज १८, २०८३",75.0,75.0,77.86,0.0,0.0,2891,current_live,4,True,0.0
ड्रागन फ्रुट(नेपाली),केजी,2026-10-04 06:50:43.390757,"असोज १८, २०८३",550.0,550.0,550.0,0.0,0.0,57,current_live,4,True,0.0
तरबुजा(हरियो),केजी,2026-10-04 06:50:43.390757,"असोज १८, २०८३",65.0,65.0,65.0,0.0,0.0,4378,current_live,4,True,0.0
ताजा माछा(छडी),केजी,2026-10-04 06:50:43.390757,"असोज १८, २०८३",335.0,335.0,335.0,0.0,0.0,2536,current_live,4,True,0.0
ताजा माछा(बचुवा),केजी,2026-10-04 06:50:43.390757,"असोज १८, २०८३",320.0,320.0,320.0,0.0,0.0,2539,current_live,4,True,0.0
ताजा माछा(मुंगरी),केजी,2025-02-18 00:00:00.000000,"फाल्गुण ०६, २०८१",426.67,426.67,426.67,0.0,0.0,1799,stronger_historical,3,True,0.0
ताजा माछा(रहु),केजी,2026-10-04 06:50:43.390757,"असोज १८, २०८३",355.0,355.0,355.0,0.0,0.0,2537,current_live,4,True,0.0
तामा,केजी,2026-10-04 06:50:43.390757,"असोज १८, २०८३",150.0,150.0,150.0,0.0,0.0,4547,current_live,4,True,0.0
तोफु,केजी,2026-10-04 06:50:43.390757,"असोज १८, २०८३",150.0,150.0,149.76,0.0,0.0,4504,current_live,4,True,0.0
नरिवल(काँचो),केजी,2026-10-04 06:50:43.390757,"असोज १८, २०८३",70.0,70.0,70.0,0.0,0.0,108,current_live,4,True,0.0
नासपाती(चाइनिज),केजी,2026-10-04 06:50:43.390757,"असोज १८, २०८३",225.0,225.0,225.0,0.0,0.0,2048,current_live,4,True,0.0
नासपाती(लोकल),केजी,2026-10-04 06:50:43.390757,"असोज १८, २०८३",95.0,95.0,95.0,0.0,0.0,2137,current_live,4,True,0.0
निबुवा,केजी,2026-10-04 06:50:43.390757,"असोज १८, २०८३",55.0,55.0,55.0,0.0,0.0,1526,current_live,4,True,0.0
न्यूरो,केजी,2026-10-04 06:50:43.390757,"असोज १८, २०८३",95.0,95.0,95.0,0.0,0.0,2459,current_live,4,True,0.0
पार्सले,केजी,2026-10-04 06:50:43.390757,"असोज १८, २०८३",2600.0,2600.0,2600.0,0.0,0.0,3881,current_live,4,True,0.0
पिंडालू,केजी,2026-10-04 06:50:43.390757,"असोज १८, २०८३",65.0,65.0,65.0,0.0,0.0,3573,current_live,4,True,0.0
पुदीना,केजी,2026-10-04 06:50:43.390757,"असोज १८, २०८३",650.0,650.0,650.0,0.0,0.0,4265,current_live,4,True,0.0
प्याज हरियो,केजी,2026-10-04 06:50:43.390757,"असोज १८, २०८३",275.0,275.0,274.29,0.0,0.0,4538,current_live,4,True,0.0
फर्सी पाकेको,केजी,2026-10-04 06:50:43.390757,"असोज १८, २०८३",65.0,65.0,65.0,0.0,0.0,4518,current_live,4,True,0.0
फर्सी हरियो(लाम्चो),केजी,2026-10-04 06:50:43.390757,"असोज १८, २०८३",85.0,85.0,86.43,0.0,0.0,3560,current_live,4,True,0.0
बकूला,केजी,2026-04-27 04:41:17.470954,"बैशाख १४, २०८३",50.0,50.0,50.95,0.0,0.0,1981,current_live,4,True,0.0
ब्रोकाउली,केजी,2026-10-03 06:34:54.208010,"असोज १७, २०८३",275.0,275.0,268.78,0.0,0.0,3690,current_live,4,True,0.0
भन्टा डल्लो,केजी,2026-10-04 06:50:43.390757,"असोज १८, २०८३",65.0,65.0,66.43,0.0,0.0,3756,current_live,4,True,0.0
भन्टा लाम्चो,केजी,2026-10-04 06:50:43.390757,"असोज १८, २०८३",55.0,55.0,55.0,0.0,0.0,4533,current_live,4,True,0.0
भिण्डी,केजी,2026-10-04 06:50:43.390757,"असोज १८, २०८३",95.0,95.0,80.71,0.0,0.0,4462,current_live,4,True,0.0
भुई कटहर,प्रति गोटा,2026-10-04 06:50:43.390757,"असोज १८, २०८३",175.0,175.0,175.0,0.0,0.0,4357,current_live,4,True,0.0
माछा सुकेको,केजी,2026-10-04 06:50:43.390757,"असोज १८, २०८३",900.0,900.0,900.0,0.0,0.0,346,current_live,4,True,0.0
रातो बन्दा,केजी,2026-10-04 06:50:43.390757,"असोज १८, २०८३",55.0,55.0,55.0,0.0,0.0,3267,current_live,4,True,0.0
रुख कटहर,केजी,2026-09-27 06:37:44.815487,"असोज ११, २०८३",45.0,45.0,45.0,0.0,0.0,2811,current_live,4,True,0.0
रुख टमाटर,केजी,2026-10-04 06:50:43.390757,"असोज १८, २०८३",175.0,175.0,153.57,0.0,0.0,705,current_live,4,True,0.0
लप्सी,केजी,2026-10-04 06:50:43.390757,"असोज १८, २०८३",55.0,55.0,56.43,0.0,0.0,2844,current_live,4,True,0.0
लसुन हरियो,केजी,2026-10-04 06:50:43.390757,"असोज १८, २०८३",325.0,325.0,317.14,0.0,0.0,4443,current_live,4,True,0.0
लीच्ची(भारतीय),केजी,2026-07-10 05:09:24.361960,"असार २६, २०८३",325.0,325.0,310.24,0.0,0.0,226,current_live,4,True,0.0
शरीफा,के‍.जी,2026-10-04 06:50:43.390757,"असोज १८, २०८३",175.0,175.0,196.43,0.0,0.0,561,current_live,4,True,0.0
सखरखण्ड,केजी,2026-10-04 06:50:43.390757,"असोज १८, २०८३",110.0,110.0,105.0,0.0,0.0,2060,current_live,4,True,0.0
सजिवन,केजी,2026-10-04 06:50:43.390757,"असोज १८, २०८३",225.0,225.0,225.0,0.0,0.0,1472,current_live,4,True,0.0
सिताके च्याउ,केजी,2026-10-04 06:50:43.390757,"असोज १८, २०८३",900.0,900.0,900.0,0.0,0.0,655,current_live,4,True,0.0
सेतो मूला(हाइब्रीड),केजी,2026-10-04 06:50:43.390757,"असोज १८, २०८३",55.0,55.0,57.86,0.0,0.0,2572,current_live,4,True,0.0
सेलरी,केजी,2026-10-04 06:50:43.390757,"असोज १८, २०८३",450.0,450.0,450.0,0.0,0.0,4190,current_live,4,True,0.0
सौफको साग,केजी,2026-10-04 06:50:43.390757,"असोज १८, २०८३",125.0,125.0,124.29,0.0,0.0,3653,current_live,4,True,0.0
स्ट्रबेरी भुईऐसेलु,केजी,2026-04-12 04:21:32.630179,"चैत २९, २०८२",275.0,275.0,275.0,0.0,0.0,1025,current_live,4,True,0.0
स्याउ(जुम्ला),केजी,2026-10-04 06:50:43.390757,"असोज १८, २०८३",300.0,300.0,300.0,0.0,0.0,25,current_live,4,True,0.0
स्याउ(फूजी),केजी,2026-10-04 06:50:43.390757,"असोज १८, २०८३",325.0,325.0,325.0,0.0,0.0,2292,current_live,4,True,0.0
हरियो फर्सी(डल्लो),केजी,2026-10-04 06:50:43.390757,"असोज १८, २०८३",55.0,55.0,54.76,0.0,0.0,2564,current_live,4,True,0.0
